,Person 1,Person 2,Anniversary
0,Jason George,Todd Eaton,2021-07-20
1,Emily Andrews,Zachary Guerrero,2001-08-11
2,Ryan Mccullough,Tiffany Harris,2000-04-03
3,James Wall,Misty Escobar,1997-12-13
4,Nicole Kelley,John Allison,1995-12-07
5,David Mccoy,Kevin Thomas,2022-04-06
6,Sean Wilson,Kelly Hood,1998-04-13
7,Robert Sloan,Theresa Mckenzie,2002-01-04
8,Erin King,Marie Walker,2000-09-17
9,Todd Jones,Hannah Small,1997-07-23
10,Ian Mccarthy,Sarah Tyler,1997-11-14
11,Belinda Clark,Sarah Tyler,2009-06-24
12,Paul Kramer,Shelby Adkins,2007-11-24
13,Ian Thomas,Rebecca West,2023-07-16
14,Eric Carson,Stephanie Chavez,1990-04-12
15,Kathy Herring,Nicolas Brooks,2023-10-28
16,Sheena Davis,Kimberly Barker,2000-08-29
17,Alexandra Baker,Elizabeth Lopez,2024-03-24
18,Benjamin Andrews,Amy Ruiz,2005-02-04
19,Mark Wilson,Robert Gibson,1974-09-23
20,Benjamin Robertson,Joshua Porter,2000-03-12
21,Michael Bennett,Brandon Carpenter,1981-05-30
22,James Tate,Amy Mitchell,1996-07-28
23,Kelly Hood,Dylan Long,1996-01-12
24,Michael Mcbride MD,Jacob Bennett,2011-03-24
25,Hannah Small,David Brock,1992-07-26
26,Krista Mendoza,Jacob Bennett,2013-03-15
27,Kelli Edwards,John Reeves,1978-01-23
28,Sarah Tyler,Molly Hernandez,1995-08-05
